cec_0_5_Q0.5,cec_0_5_mean,cec_5_15_Q0.5,cec_5_15_mean,cec_15_30_Q0.5,cec_15_30_mean,cec_30_60_Q0.5,cec_30_60_mean,cec_60_100_Q0.5,cec_60_100_mean,cec_100_200_Q0.5,cec_100_200_mean,cfvo_0_5_Q0.5,cfvo_0_5_mean,cfvo_5_15_Q0.5,cfvo_5_15_mean,cfvo_15_30_Q0.5,cfvo_15_30_mean,cfvo_30_60_Q0.5,cfvo_30_60_mean,cfvo_60_100_Q0.5,cfvo_60_100_mean,cfvo_100_200_Q0.5,cfvo_100_200_mean,clay_0_5_Q0.5,clay_0_5_mean,clay_5_15_Q0.5,clay_5_15_mean,clay_15_30_Q0.5,clay_15_30_mean,clay_30_60_Q0.5,clay_30_60_mean,clay_60_100_Q0.5,clay_60_100_mean,clay_100_200_Q0.5,clay_100_200_mean,ocd_0_5_Q0.5,ocd_0_5_mean,ocd_5_15_Q0.5,ocd_5_15_mean,ocd_15_30_Q0.5,ocd_15_30_mean,ocd_30_60_Q0.5,ocd_30_60_mean,ocd_60_100_Q0.5,ocd_60_100_mean,ocd_100_200_Q0.5,ocd_100_200_mean,phh2o_0_5_Q0.5,phh2o_0_5_mean,phh2o_5_15_Q0.5,phh2o_5_15_mean,phh2o_15_30_Q0.5,phh2o_15_30_mean,phh2o_30_60_Q0.5,phh2o_30_60_mean,phh2o_60_100_Q0.5,phh2o_60_100_mean,phh2o_100_200_Q0.5,phh2o_100_200_mean,sand_0_5_Q0.5,sand_0_5_mean,sand_5_15_Q0.5,sand_5_15_mean,sand_15_30_Q0.5,sand_15_30_mean,sand_30_60_Q0.5,sand_30_60_mean,sand_60_100_Q0.5,sand_60_100_mean,sand_100_200_Q0.5,sand_100_200_mean,silt_0_5_Q0.5,silt_0_5_mean,silt_5_15_Q0.5,silt_5_15_mean,silt_15_30_Q0.5,silt_15_30_mean,silt_30_60_Q0.5,silt_30_60_mean,silt_60_100_Q0.5,silt_60_100_mean,silt_100_200_Q0.5,silt_100_200_mean,soc_0_5_Q0.5,soc_0_5_mean,soc_5_15_Q0.5,soc_5_15_mean,soc_15_30_Q0.5,soc_15_30_mean,soc_30_60_Q0.5,soc_30_60_mean,soc_60_100_Q0.5,soc_60_100_mean,soc_100_200_Q0.5,soc_100_200_mean,wv0010_0_5_Q0.5,wv0010_0_5_mean,wv0010_5_15_Q0.5,wv0010_5_15_mean,wv0010_15_30_Q0.5,wv0010_15_30_mean,wv0010_30_60_Q0.5,wv0010_30_60_mean,wv0010_60_100_Q0.5,wv0010_60_100_mean,wv0010_100_200_Q0.5,wv0010_100_200_mean,wv0033_0_5_Q0.5,wv0033_0_5_mean,wv0033_5_15_Q0.5,wv0033_5_15_mean,wv0033_15_30_Q0.5,wv0033_15_30_mean,wv0033_30_60_Q0.5,wv0033_30_60_mean,wv0033_60_100_Q0.5,wv0033_60_100_mean,wv0033_100_200_Q0.5,wv0033_100_200_mean,wv1500_0_5_Q0.5,wv1500_0_5_mean,wv1500_5_15_Q0.5,wv1500_5_15_mean,wv1500_15_30_Q0.5,wv1500_15_30_mean,wv1500_30_60_Q0.5,wv1500_30_60_mean,wv1500_60_100_Q0.5,wv1500_60_100_mean,wv1500_100_200_Q0.5,wv1500_100_200_mean,clay_gradient,ph_gradient,soc_depth_weighted,cec_depth_weighted,sand_depth_weighted,sand_clay_ratio,soc_cec_balance,water_capacity,cec_variability,lon,lat,soil_type
22.8,29.0,18.0,24.6,18.0,24.7,16.6,24.7,16.0,24.2,15.8,23.1,7.0,12.9,9.0,14.7,10.0,15.5,10.0,21.7,11.0,25.2,15.0,27.4,18.1,24.1,19.7,26.2,23.7,29.5,23.8,29.9,24.0,30.4,25.1,30.3,36.0,42.4,18.2,22.0,14.3,15.5,6.8,8.4,4.3,5.0,2.7,4.8,5.1,5.4,5.1,5.4,5.2,5.5,5.5,5.7,6.0,6.0,6.3,6.3,21.5,25.4,19.8,23.5,19.5,23.9,17.9,23.3,18.1,23.5,19.8,24.2,54.0,50.5,53.9,50.3,50.6,46.6,49.7,46.8,47.7,46.1,47.7,45.5,34.7,54.5,17.6,24.1,8.1,11.8,4.2,6.1,2.5,3.5,1.7,2.7,41.8,44.4,40.0,39.8,37.3,37.9,35.8,35.8,34.4,34.1,34.7,33.5,34.0,34.6,30.5,30.1,32.2,31.2,33.5,31.8,33.1,31.8,33.6,32.1,14.2,15.0,14.9,15.3,14.9,15.3,19.8,19.3,20.4,20.0,20.0,19.6,5.8,0.3,26.0,25.91,24.12,1.05,1580.5,19.6,0.07,16.89,49.06,Acidic_Organic
23.9,27.3,22.0,21.9,20.4,20.1,19.0,19.1,17.7,17.9,16.4,17.7,5.0,8.2,6.0,9.5,4.0,7.7,4.0,8.2,1.1,7.4,1.9,9.4,21.4,29.6,22.0,29.4,27.4,33.6,28.9,33.6,25.4,32.1,24.3,31.9,31.7,36.5,19.4,20.8,16.1,16.7,9.4,10.4,5.2,5.9,3.2,4.0,6.8,6.5,6.8,6.5,6.8,6.6,6.8,6.7,7.2,7.1,7.5,7.3,19.1,25.6,17.4,21.6,31.2,32.6,29.1,32.4,31.2,34.0,33.8,35.2,43.8,44.8,50.6,49.0,28.9,33.9,28.9,33.9,28.7,33.9,26.7,32.9,29.7,39.4,13.1,17.5,10.4,13.9,5.2,6.7,3.0,4.0,2.0,3.1,37.5,36.3,37.5,35.4,36.1,34.3,36.8,34.4,36.0,32.8,34.0,30.7,24.7,23.4,23.8,22.6,25.8,22.4,26.3,22.6,28.9,23.3,27.7,22.9,16.4,17.1,17.9,18.2,15.4,15.8,15.1,14.9,13.3,14.1,12.9,13.9,4.0,0.2,20.38,22.34,27.86,0.86,1075.62,6.3,0.15,19.28,48.09,Neutral_HighFertility
12.0,15.9,12.2,15.7,12.7,16.2,12.8,16.2,12.2,16.0,12.9,16.4,6.5,22.1,5.0,20.8,6.0,22.8,9.5,25.6,11.5,30.0,19.4,30.7,7.0,15.5,7.3,15.6,7.1,15.3,7.4,18.2,7.4,19.2,6.2,19.2,7.6,10.6,6.0,9.0,6.1,7.9,3.9,5.9,4.8,8.0,3.6,10.1,8.5,8.5,8.5,8.5,8.5,8.6,8.4,8.4,8.5,8.5,8.3,8.4,62.4,59.5,63.6,59.5,64.2,60.0,60.9,57.4,58.5,55.1,43.7,44.7,12.3,25.0,11.8,24.8,11.1,24.8,10.2,24.4,10.4,25.7,14.9,36.0,1.6,3.8,1.9,3.7,1.0,2.5,1.0,2.3,0.6,2.1,0.5,4.4,32.1,30.6,32.2,30.8,32.6,31.4,32.6,31.0,32.2,30.5,32.1,30.2,26.6,27.4,26.7,27.9,25.7,27.2,26.9,27.5,27.1,27.6,26.9,28.2,7.9,9.5,8.6,10.4,7.5,9.7,7.9,10.9,7.1,10.4,8.6,12.0,2.7,-0.1,3.12,15.96,58.84,3.84,60.42,17.9,0.01,13.48,23.2,Calcareous
22.6,25.2,22.4,24.8,22.4,24.5,21.7,24.0,20.6,23.1,20.2,21.5,5.0,10.0,8.0,11.9,5.0,10.7,5.0,11.1,6.0,11.9,7.0,13.5,32.9,37.1,33.2,37.6,31.0,36.5,33.8,38.7,34.4,39.5,33.4,39.0,22.3,29.9,16.4,19.0,16.4,18.0,8.6,9.9,6.0,6.8,3.3,4.3,8.2,7.9,8.2,8.0,8.2,8.0,8.3,8.1,8.4,8.2,8.4,8.2,20.3,26.8,20.8,26.0,22.5,27.4,22.2,27.5,21.9,27.0,22.1,27.0,33.1,36.2,33.7,36.4,29.5,36.0,26.8,33.9,27.1,33.6,26.9,34.0,17.7,28.3,11.0,13.4,9.4,13.2,5.9,9.5,3.0,3.9,1.7,2.7,38.1,36.7,37.9,36.3,38.0,36.1,37.8,35.8,37.4,35.6,37.0,35.1,35.0,33.0,34.8,33.0,34.5,32.6,33.5,31.8,33.5,31.7,33.3,31.6,20.9,20.5,20.6,20.5,20.6,20.4,23.9,23.7,25.7,24.2,26.5,24.0,1.6,0.2,16.3,24.57,26.84,0.72,713.16,12.5,0.03,-5.36,34.09,Clayey_PoorDrainage
0.0,0.0,0.0,0.0,0.0,0.0,0.0,0.0,0.0,0.0,0.0,0.0,0.0,0.0,0.0,0.0,0.0,0.0,0.0,0.0,0.0,0.0,0.0,0.0,0.0,0.0,0.0,0.0,0.0,0.0,0.0,0.0,0.0,0.0,0.0,0.0,0.0,0.0,0.0,0.0,0.0,0.0,0.0,0.0,0.0,0.0,0.0,0.0,0.0,0.0,0.0,0.0,0.0,0.0,0.0,0.0,0.0,0.0,0.0,0.0,0.0,0.0,0.0,0.0,0.0,0.0,0.0,0.0,0.0,0.0,0.0,0.0,0.0,0.0,0.0,0.0,0.0,0.0,0.0,0.0,0.0,0.0,0.0,0.0,0.0,0.0,0.0,0.0,0.0,0.0,0.0,0.0,0.0,0.0,0.0,0.0,0.0,0.0,0.0,0.0,0.0,0.0,0.0,0.0,0.0,0.0,0.0,0.0,0.0,0.0,0.0,0.0,0.0,0.0,0.0,0.0,0.0,0.0,0.0,0.0,0.0,0.0,0.0,0.0,0.0,0.0,0.0,0.0,0.0,0.0,0.0,0.0,0.0,0.0,0.0,0.0,0.0,0.0,0.0,0.0,0.0,7.09,46.64,Other
18.5,23.0,18.2,22.9,19.6,23.1,19.8,22.5,19.6,22.0,17.0,21.3,0.3,8.0,0.6,7.9,0.3,9.1,1.0,9.5,1.0,11.2,1.0,13.4,33.9,38.7,39.0,40.2,44.4,42.0,46.0,45.2,44.9,45.1,44.1,43.5,28.3,30.9,20.1,25.9,12.1,14.1,7.9,9.3,5.1,6.1,3.1,4.4,6.1,6.2,6.1,6.2,6.1,6.2,6.1,6.3,6.2,6.4,6.2,6.5,33.4,36.3,32.3,35.7,32.1,34.3,30.5,32.2,30.9,32.3,30.9,33.1,18.1,25.0,17.9,24.1,17.8,23.7,16.7,22.6,17.0,22.7,17.6,23.3,24.4,32.6,13.8,23.1,8.2,14.0,6.0,10.4,3.6,5.5,3.0,4.2,35.8,35.9,36.0,35.4,36.2,35.8,36.8,35.8,37.2,36.3,37.0,35.9,25.3,26.1,25.5,26.3,25.5,26.5,26.4,26.5,28.0,27.8,29.6,28.6,16.5,17.7,16.6,17.7,16.9,18.4,19.1,19.5,21.7,20.7,21.9,21.4,6.5,0.1,20.46,22.82,34.73,0.94,749.8,8.4,0.02,31.52,2.21,Neutral_HighFertility
0.0,0.0,0.0,0.0,0.0,0.0,0.0,0.0,0.0,0.0,0.0,0.0,0.0,0.0,0.0,0.0,0.0,0.0,0.0,0.0,0.0,0.0,0.0,0.0,0.0,0.0,0.0,0.0,0.0,0.0,0.0,0.0,0.0,0.0,0.0,0.0,0.0,0.0,0.0,0.0,0.0,0.0,0.0,0.0,0.0,0.0,0.0,0.0,0.0,0.0,0.0,0.0,0.0,0.0,0.0,0.0,0.0,0.0,0.0,0.0,0.0,0.0,0.0,0.0,0.0,0.0,0.0,0.0,0.0,0.0,0.0,0.0,0.0,0.0,0.0,0.0,0.0,0.0,0.0,0.0,0.0,0.0,0.0,0.0,0.0,0.0,0.0,0.0,0.0,0.0,0.0,0.0,0.0,0.0,0.0,0.0,0.0,0.0,0.0,0.0,0.0,0.0,0.0,0.0,0.0,0.0,0.0,0.0,0.0,0.0,0.0,0.0,0.0,0.0,0.0,0.0,0.0,0.0,0.0,0.0,0.0,0.0,0.0,0.0,0.0,0.0,0.0,0.0,0.0,0.0,0.0,0.0,0.0,0.0,0.0,0.0,0.0,0.0,0.0,0.0,0.0,7.09,46.64,Other
36.8,47.7,13.9,32.6,10.9,19.1,11.2,21.2,10.8,20.6,10.8,20.6,7.0,10.9,7.0,11.8,6.0,11.6,7.0,11.6,5.0,12.4,6.0,15.1,9.1,15.5,9.2,14.3,10.0,15.4,11.4,17.7,14.9,20.6,13.2,19.0,71.1,66.2,31.3,39.2,11.6,24.0,5.3,10.1,3.9,7.7,2.8,3.4,4.9,5.2,5.2,5.4,5.4,5.4,5.4,5.6,5.7,5.9,5.8,6.0,50.2,47.5,51.2,49.0,50.0,47.9,46.9,46.0,47.3,45.3,48.3,45.7,31.8,37.0,32.0,36.7,31.8,36.7,32.7,36.3,30.8,34.1,31.8,35.3,67.3,143.6,34.6,94.4,7.8,48.5,3.1,38.0,3.0,33.0,2.5,36.5,63.7,62.5,47.6,51.9,39.8,40.6,36.7,38.4,33.2,34.9,32.4,33.6,47.8,45.9,38.3,39.2,32.9,32.7,31.4,31.6,27.8,29.1,26.7,26.8,11.7,11.6,10.9,11.6,9.2,9.6,9.0,9.7,10.0,10.1,10.2,10.6,2.2,0.4,85.38,31.52,47.51,3.06,6849.72,34.3,0.38,35.89,57.82,Acidic_Organic
25.8,34.9,24.4,31.7,23.6,30.8,19.1,29.5,14.8,24.4,14.8,25.3,6.5,11.8,9.0,14.3,10.0,15.2,11.5,17.3,17.0,20.2,20.0,22.4,10.6,16.8,10.1,15.3,9.0,14.7,8.8,14.6,8.8,15.3,8.3,15.8,57.8,62.5,40.2,53.6,33.8,45.2,20.4,26.0,5.1,13.1,4.2,9.2,4.6,4.8,4.6,4.9,4.6,4.9,4.8,4.9,4.8,5.0,4.8,5.0,50.5,49.7,51.7,50.2,53.1,53.3,55.4,55.1,55.9,55.1,55.1,54.8,31.1,33.5,32.0,34.5,28.3,31.9,27.2,30.3,24.1,29.6,24.3,29.4,110.7,189.8,73.7,156.0,48.2,114.2,26.8,86.9,13.3,71.6,11.8,73.5,46.1,43.9,42.9,42.2,44.8,42.8,40.8,39.6,38.6,37.6,35.8,34.0,34.3,36.7,35.7,36.4,35.9,35.8,34.5,35.3,33.4,34.0,30.6,29.1,15.9,15.8,16.2,16.4,13.9,14.9,11.0,12.6,11.3,12.4,10.5,12.0,-2.2,0.1,138.98,31.42,51.9,2.96,6624.02,20.9,0.11,-2.93,54.34,Acidic_Organic
26.4,33.7,18.9,23.6,20.2,24.7,16.8,21.1,16.4,20.0,14.2,19.4,13.3,18.0,17.5,21.2,19.0,21.8,15.7,19.8,16.5,21.1,15.0,21.2,16.8,24.7,16.7,24.9,15.5,23.5,15.3,24.4,12.7,23.7,10.7,21.1,66.6,66.7,35.6,45.2,28.6,32.5,7.3,16.3,4.1,10.0,2.8,8.0,5.0,5.2,5.2,5.4,5.3,5.4,5.3,5.5,5.4,5.7,5.5,5.8,37.9,35.5,38.5,35.4,38.6,36.1,36.7,34.8,33.6,34.1,32.4,32.9,36.7,39.8,37.6,39.6,36.8,40.4,36.7,40.8,38.1,42.2,45.7,46.0,69.5,109.5,50.9,77.6,24.1,49.2,10.2,17.8,7.0,12.3,5.9,10.7,44.1,44.3,41.6,41.5,40.4,40.6,38.1,37.7,37.0,36.7,36.4,35.4,34.7,35.9,34.5,35.2,35.5,35.5,31.7,33.3,29.9,31.0,30.6,30.8,18.0,18.5,17.5,18.3,16.7,16.9,14.5,15.4,13.7,15.2,13.9,15.3,-0.3,0.3,65.99,26.12,35.35,1.44,3690.15,17.4,0.2,12.05,47.38,Acidic_Organic
18.8,21.5,18.4,21.0,19.1,20.7,19.7,21.7,19.4,20.4,19.0,20.5,11.0,14.9,12.0,15.0,11.0,14.4,11.0,15.1,12.5,18.9,11.0,20.2,18.3,22.8,17.1,21.3,21.5,29.0,26.9,35.4,26.5,35.3,24.6,33.7,20.2,27.8,13.8,14.6,12.6,15.0,8.9,9.6,5.0,6.2,2.8,4.1,7.7,7.5,8.0,8.0,8.0,7.9,7.7,7.7,7.9,7.8,8.0,7.9,38.6,41.6,39.0,42.0,37.0,38.7,31.6,34.7,30.2,34.7,32.0,35.4,32.5,35.6,36.7,36.6,25.7,32.3,20.7,29.9,20.1,30.0,23.3,30.9,14.0,20.3,7.8,9.2,6.6,7.8,4.9,6.5,2.5,3.3,1.5,2.3,37.6,36.3,37.0,35.7,36.9,35.6,36.9,35.7,35.8,35.0,35.1,34.6,31.3,31.1,31.0,30.4,31.4,31.3,32.9,32.2,33.4,32.8,33.5,32.5,14.5,14.7,14.6,14.3,16.1,18.3,22.0,22.6,20.0,21.8,19.9,21.6,12.6,0.2,11.25,21.13,39.4,1.82,436.45,16.4,0.02,-3.67,39.79,Neutral_HighFertility
14.0,24.6,14.1,17.8,11.4,15.0,11.4,16.2,11.4,16.0,11.0,15.5,4.0,4.8,4.0,5.4,3.0,5.0,3.0,5.2,3.0,5.7,3.0,6.8,4.1,7.4,4.0,5.9,4.8,13.2,6.1,15.6,7.3,17.8,8.4,18.3,33.0,34.8,13.5,16.8,12.2,17.5,8.6,9.7,5.1,6.4,2.9,3.5,5.4,5.5,5.4,5.4,5.6,5.8,6.0,6.0,6.2,6.3,6.3,6.3,73.7,67.1,74.2,68.7,70.9,62.5,68.9,60.0,65.6,59.0,63.6,58.7,19.9,25.5,20.4,25.5,19.9,24.3,19.4,24.4,17.8,23.2,17.4,22.9,21.4,63.6,13.6,19.8,9.9,16.2,3.2,10.9,2.0,5.6,1.7,5.5,51.2,50.3,40.2,40.1,35.6,36.3,34.7,34.6,33.4,32.9,32.8,32.5,38.8,37.9,34.7,34.3,33.2,32.4,31.7,30.5,32.2,30.7,32.4,30.7,6.5,7.9,6.0,7.6,6.3,8.1,11.1,12.3,11.0,12.4,11.2,12.8,8.2,0.5,29.46,18.86,64.7,9.07,1564.56,30.0,0.19,19.75,51.18,Acidic_Organic
31.4,45.5,14.2,26.6,13.3,19.1,12.8,17.2,11.6,15.5,11.3,15.3,12.0,13.0,13.0,15.0,13.0,16.5,15.0,20.3,20.0,20.8,19.5,21.5,3.2,6.7,2.9,5.8,3.3,7.5,3.0,7.3,2.9,7.8,2.8,8.8,70.5,65.3,31.1,42.0,24.8,32.4,7.9,16.6,4.7,11.2,3.7,10.7,4.6,4.7,4.7,4.8,5.0,5.1,5.5,5.6,5.6,5.8,5.7,5.8,66.7,63.9,67.4,64.0,67.9,64.1,68.3,64.7,67.6,64.0,67.1,62.0,27.2,29.4,28.2,30.1,25.6,28.4,24.5,28.0,24.7,28.2,24.5,29.1,111.0,208.2,57.4,139.4,21.9,65.1,8.1,40.5,5.0,32.6,5.0,34.3,67.7,63.3,44.1,46.3,38.2,38.0,35.4,35.4,35.8,35.3,34.4,34.3,46.8,44.5,39.0,39.5,33.3,33.0,29.6,28.7,28.3,28.9,28.4,28.6,11.6,12.4,11.5,12.2,10.9,11.7,10.3,12.2,11.0,12.7,11.0,12.7,0.6,0.9,119.66,28.25,64.09,9.54,9473.1,32.1,0.45,30.93,66.58,Acidic_Organic
20.6,26.4,21.8,25.9,20.8,25.0,23.8,25.8,23.6,25.7,21.2,23.3,2.0,7.9,1.5,10.3,2.0,10.1,2.0,11.7,3.0,12.6,3.6,13.8,20.5,27.6,19.2,27.3,23.4,30.1,26.8,34.0,26.5,33.1,25.7,33.6,37.6,43.7,22.6,25.8,16.8,21.1,9.7,13.0,5.5,7.8,3.5,5.3,5.6,5.8,5.6,5.8,5.7,5.9,5.6,5.9,6.0,6.3,6.6,6.7,31.5,32.5,30.6,32.1,25.9,29.0,22.0,27.7,22.6,28.8,23.6,29.3,34.3,39.8,34.6,40.5,34.5,40.9,32.0,38.3,32.5,38.1,31.7,37.1,41.3,64.9,18.7,24.4,12.2,16.4,5.2,8.3,3.0,4.8,2.8,4.3,38.9,38.2,38.0,36.8,37.5,36.7,37.4,36.3,35.0,34.4,34.5,34.0,33.3,32.9,32.6,32.4,33.7,32.4,33.9,32.5,33.1,31.4,31.3,30.7,14.8,15.5,14.9,15.4,14.8,15.5,22.3,21.3,21.6,21.4,21.5,21.0,6.4,0.1,30.58,25.84,30.61,1.18,1713.36,17.4,0.02,25.97,42.85,Acidic_Organic
19.9,25.7,18.8,23.5,17.6,22.1,16.1,20.9,16.8,21.1,16.1,20.9,14.0,18.3,17.0,19.3,15.5,19.3,13.0,19.5,15.0,20.5,17.9,23.2,17.1,24.6,21.9,28.7,26.2,32.5,28.7,33.8,27.2,34.0,26.1,32.6,32.6,39.2,18.3,21.7,12.7,17.3,8.0,10.5,4.6,5.9,2.7,3.4,7.1,7.0,7.1,7.0,7.0,7.0,6.8,6.9,6.9,6.9,6.9,6.9,36.2,34.9,33.6,33.3,30.9,31.8,29.8,31.0,28.8,30.3,31.6,32.6,37.5,40.5,33.4,38.0,30.8,35.7,30.5,35.2,31.5,35.7,28.0,34.8,22.9,40.8,13.5,19.2,9.3,13.1,5.4,9.3,2.9,4.0,1.8,2.6,36.2,33.7,34.9,33.0,35.1,33.1,35.3,33.2,34.4,33.2,33.9,32.9,32.0,31.6,32.0,31.6,31.5,31.0,30.9,30.4,31.1,30.1,31.3,29.4,21.2,22.7,20.6,21.7,24.4,22.9,21.3,21.6,21.1,21.3,20.0,20.4,9.2,-0.1,21.45,23.25,32.84,1.42,1048.56,8.9,0.08,29.24,38.31,Neutral_HighFertility
22.6,25.2,22.4,24.8,22.4,24.5,21.7,24.0,20.6,23.1,20.2,21.5,5.0,10.0,8.0,11.9,5.0,10.7,5.0,11.1,6.0,11.9,7.0,13.5,32.9,37.1,33.2,37.6,31.0,36.5,33.8,38.7,34.4,39.5,33.4,39.0,22.3,29.9,16.4,19.0,16.4,18.0,8.6,9.9,6.0,6.8,3.3,4.3,8.2,7.9,8.2,8.0,8.2,8.0,8.3,8.1,8.4,8.2,8.4,8.2,20.3,26.8,20.8,26.0,22.5,27.4,22.2,27.5,21.9,27.0,22.1,27.0,33.1,36.2,33.7,36.4,29.5,36.0,26.8,33.9,27.1,33.6,26.9,34.0,17.7,28.3,11.0,13.4,9.4,13.2,5.9,9.5,3.0,3.9,1.7,2.7,38.1,36.7,37.9,36.3,38.0,36.1,37.8,35.8,37.4,35.6,37.0,35.1,35.0,33.0,34.8,33.0,34.5,32.6,33.5,31.8,33.5,31.7,33.3,31.6,20.9,20.5,20.6,20.5,20.6,20.4,23.9,23.7,25.7,24.2,26.5,24.0,1.6,0.2,16.3,24.57,26.84,0.72,713.16,12.5,0.03,-5.36,34.09,Clayey_PoorDrainage
23.7,26.9,20.4,23.3,18.3,22.3,17.9,22.5,17.4,23.4,18.0,23.9,13.0,20.0,13.0,19.8,12.0,19.0,17.5,24.5,28.0,31.6,29.0,31.4,17.9,26.9,16.7,26.2,17.5,27.7,21.6,30.0,24.3,29.5,22.3,29.0,38.7,47.1,28.2,31.5,18.8,26.7,8.2,13.2,4.6,7.1,2.8,5.2,7.0,6.7,7.0,6.8,7.0,6.8,7.0,6.8,6.8,6.7,6.7,6.7,33.2,33.5,35.5,34.3,33.1,33.4,32.5,34.4,34.1,35.4,35.0,36.0,38.0,39.7,38.2,39.5,36.7,38.9,32.2,35.6,33.4,35.1,33.1,34.9,48.4,82.1,28.2,43.7,17.4,22.5,7.5,16.2,5.0,10.1,3.0,8.1,42.4,41.5,41.8,40.7,40.8,39.7,38.8,37.8,37.1,35.2,37.0,34.6,36.2,34.5,35.9,34.5,35.7,34.2,34.4,33.3,34.0,32.7,34.0,32.9,19.8,19.7,20.0,19.8,19.6,19.6,20.4,20.7,21.1,21.5,21.8,21.8,3.1,0.1,43.49,24.07,34.0,1.25,2208.49,14.8,0.07,20.49,41.68,Neutral_HighFertility
13.9,18.1,13.9,18.7,15.1,19.8,15.4,19.9,15.1,19.9,15.1,20.5,5.0,19.3,5.0,20.0,5.0,21.2,5.0,24.3,6.0,25.0,6.0,24.6,7.8,19.4,7.7,18.5,7.7,18.4,8.4,20.4,8.2,21.1,9.0,20.9,8.1,10.8,6.6,8.9,6.3,8.1,5.8,6.7,5.6,8.1,3.8,10.1,8.3,8.3,8.4,8.3,8.4,8.3,8.1,8.1,8.1,8.1,8.0,8.1,63.6,58.5,67.3,60.1,68.8,60.6,65.2,58.2,67.0,59.2,62.1,56.4,8.6,22.0,8.1,21.3,7.8,21.0,7.5,21.4,7.6,19.7,6.9,22.7,1.7,4.7,2.0,4.4,1.1,2.7,1.0,2.5,0.8,2.5,0.6,3.2,30.1,30.3,30.0,29.8,30.0,30.2,31.8,30.0,30.2,29.4,31.6,29.6,24.7,26.0,24.7,26.3,24.4,26.1,24.4,25.4,24.4,24.5,24.3,25.1,10.8,11.7,11.0,12.1,10.8,12.1,9.8,13.2,9.2,13.4,10.0,14.4,1.0,-0.2,3.67,19.04,59.35,3.02,85.07,14.3,0.04,13.63,19.53,Calcareous
21.7,29.7,19.2,22.3,16.2,20.5,15.1,19.7,12.8,18.6,14.1,19.1,11.2,13.4,12.0,15.1,12.0,14.3,10.0,14.3,10.0,15.4,10.0,17.3,18.2,24.8,19.3,25.6,22.7,27.6,27.0,30.7,29.3,32.9,32.5,35.2,67.0,64.2,41.0,52.8,34.3,42.9,14.6,24.2,6.9,13.4,3.0,9.8,5.8,5.9,6.3,6.3,6.3,6.3,6.3,6.3,6.3,6.3,6.2,6.3,27.6,29.7,26.6,28.8,25.6,27.9,25.0,26.7,24.6,27.2,24.8,27.5,44.3,45.6,45.0,45.5,44.1,44.5,42.0,42.5,38.5,39.9,36.7,37.3,69.6,113.0,50.8,73.2,29.0,36.7,13.3,31.7,7.0,18.5,4.7,15.3,42.7,42.0,42.1,41.7,42.4,41.4,40.3,39.6,38.1,37.0,38.1,35.9,37.9,36.8,37.9,36.5,37.1,35.9,35.7,35.3,34.9,34.9,34.2,34.5,19.6,20.5,19.4,20.5,19.8,20.7,23.5,23.1,26.0,23.8,26.0,24.1,5.9,0.4,66.14,23.4,28.41,1.2,3356.1,16.3,0.18,10.99,44.11,Acidic_Organic
27.4,29.7,32.0,30.3,33.0,31.0,32.4,30.7,27.6,27.6,26.0,25.1,5.0,11.6,5.0,11.9,4.0,11.6,5.0,12.4,4.0,12.3,6.0,14.7,34.7,39.2,35.0,39.7,36.2,42.0,39.7,43.5,41.0,44.0,42.1,43.9,34.4,38.9,32.1,31.9,33.6,28.5,12.3,15.9,7.1,10.0,4.5,7.0,7.2,7.1,7.2,7.2,7.2,7.2,7.4,7.3,7.6,7.5,7.8,7.7,7.9,11.4,7.7,11.2,7.3,10.3,6.6,10.1,6.5,9.5,5.8,9.7,52.0,49.4,51.5,49.1,50.4,47.8,50.0,46.4,49.5,46.5,46.4,46.4,28.9,87.4,22.6,42.4,24.0,35.2,13.0,27.6,6.0,16.3,4.0,12.6,43.0,44.7,42.0,41.8,41.0,40.8,38.0,39.1,36.7,36.2,35.0,35.5,36.0,36.1,34.4,34.1,33.2,32.8,32.7,32.1,31.6,31.6,30.2,30.4,22.2,20.4,23.9,21.2,24.5,22.2,23.3,22.5,23.8,22.3,23.9,22.3,4.3,0.2,49.63,30.05,10.74,0.29,2595.78,15.7,0.04,35.99,48.12,Neutral_HighFertility
28.4,29.1,28.8,29.0,27.6,27.5,24.6,25.2,19.2,24.7,15.2,21.6,0.0,2.2,0.0,2.2,0.0,2.2,0.0,2.6,0.0,3.9,1.0,5.2,28.4,30.7,27.9,29.5,28.6,31.0,28.6,31.0,26.1,29.6,22.8,27.0,42.5,49.5,37.8,39.1,35.5,32.4,12.1,15.9,7.2,10.0,4.0,5.9,7.5,7.1,7.5,7.2,7.5,7.2,7.5,7.4,7.8,7.7,7.8,7.7,30.4,30.2,30.9,30.6,30.3,30.1,30.3,29.9,31.3,30.6,34.7,34.0,37.8,39.1,38.9,39.9,37.7,38.9,37.7,39.1,39.3,39.9,39.4,39.0,41.2,49.2,32.0,31.2,22.0,23.5,11.0,13.4,5.5,10.7,4.0,8.4,42.0,42.4,41.3,40.6,40.8,39.6,39.2,38.1,38.8,37.7,38.4,37.8,37.5,36.7,36.2,35.4,36.5,35.3,35.2,34.0,33.0,33.0,33.0,33.1,20.2,20.5,20.2,20.3,20.1,20.0,20.1,20.1,19.3,19.9,17.9,18.2,0.3,0.3,30.34,27.73,30.27,0.98,1431.72,16.2,0.07,-96.04,44.91,Neutral_HighFertility
16.1,21.6,14.4,20.8,12.0,18.6,10.7,16.9,10.8,17.0,10.0,16.6,1.0,8.2,1.0,8.3,1.0,8.4,1.0,11.1,1.0,12.1,1.0,12.8,29.5,34.6,27.7,34.5,32.3,35.1,39.7,41.7,37.6,40.7,39.2,41.4,41.4,52.4,36.1,42.8,31.5,35.8,12.4,24.1,6.0,10.9,3.7,8.6,4.9,4.9,4.8,4.9,4.9,4.9,5.0,5.1,5.1,5.1,5.1,5.2,35.8,35.7,35.6,34.8,34.0,35.1,30.4,31.3,30.1,30.9,30.3,30.8,22.1,29.8,22.3,30.7,23.1,29.8,19.9,27.0,22.2,28.4,20.3,27.8,45.6,75.1,33.0,62.5,19.4,36.4,10.0,20.8,6.0,12.8,5.0,11.3,41.9,43.2,41.8,43.1,41.0,42.0,40.4,41.7,40.2,41.6,38.8,39.6,35.6,34.3,35.7,34.4,35.7,34.5,35.0,34.4,34.6,34.3,36.1,35.5,19.3,20.3,19.4,20.0,20.0,20.4,20.9,21.8,20.9,21.0,19.9,21.1,7.1,0.2,49.84,19.64,34.22,1.03,1622.16,14.0,0.1,-73.15,4.93,Acidic_Organic
18.0,21.2,16.9,20.8,17.0,20.7,15.8,19.8,15.7,19.2,13.8,17.9,7.0,14.8,12.5,19.0,13.5,19.4,13.0,21.8,14.0,21.5,14.0,23.2,15.9,23.2,16.3,22.9,17.1,25.3,17.2,26.6,18.0,26.9,18.5,27.1,26.9,31.9,15.8,24.1,14.8,23.4,9.0,13.9,5.1,7.9,2.9,5.4,7.7,7.5,7.8,7.6,7.8,7.6,7.9,7.8,7.9,7.8,8.0,7.9,18.1,20.6,17.6,19.4,13.8,18.6,13.7,18.3,14.1,18.8,18.3,20.8,60.0,56.3,59.3,57.7,57.4,56.2,56.0,55.1,55.1,54.3,54.1,52.1,6.0,19.6,2.5,4.3,2.2,5.5,0.8,3.2,0.7,3.2,0.4,2.1,36.2,35.4,35.4,34.7,35.0,34.3,34.8,34.3,33.3,33.2,33.1,33.0,32.1,30.7,32.0,30.1,31.1,29.4,30.3,28.7,30.4,28.3,29.2,27.9,12.0,13.1,13.0,14.2,12.6,14.2,14.9,16.4,15.3,16.5,15.7,16.6,3.4,0.3,8.86,20.59,19.38,0.89,415.52,17.6,0.04,55.76,37.62,Neutral_HighFertility
0.0,0.0,0.0,0.0,0.0,0.0,0.0,0.0,0.0,0.0,0.0,0.0,0.0,0.0,0.0,0.0,0.0,0.0,0.0,0.0,0.0,0.0,0.0,0.0,0.0,0.0,0.0,0.0,0.0,0.0,0.0,0.0,0.0,0.0,0.0,0.0,0.0,0.0,0.0,0.0,0.0,0.0,0.0,0.0,0.0,0.0,0.0,0.0,0.0,0.0,0.0,0.0,0.0,0.0,0.0,0.0,0.0,0.0,0.0,0.0,0.0,0.0,0.0,0.0,0.0,0.0,0.0,0.0,0.0,0.0,0.0,0.0,0.0,0.0,0.0,0.0,0.0,0.0,0.0,0.0,0.0,0.0,0.0,0.0,0.0,0.0,0.0,0.0,0.0,0.0,0.0,0.0,0.0,0.0,0.0,0.0,0.0,0.0,0.0,0.0,0.0,0.0,0.0,0.0,0.0,0.0,0.0,0.0,0.0,0.0,0.0,0.0,0.0,0.0,0.0,0.0,0.0,0.0,0.0,0.0,0.0,0.0,0.0,0.0,0.0,0.0,0.0,0.0,0.0,0.0,0.0,0.0,0.0,0.0,0.0,0.0,0.0,0.0,0.0,0.0,0.0,-22.91,-43.17,Other
0.0,0.0,0.0,0.0,0.0,0.0,0.0,0.0,0.0,0.0,0.0,0.0,0.0,0.0,0.0,0.0,0.0,0.0,0.0,0.0,0.0,0.0,0.0,0.0,0.0,0.0,0.0,0.0,0.0,0.0,0.0,0.0,0.0,0.0,0.0,0.0,0.0,0.0,0.0,0.0,0.0,0.0,0.0,0.0,0.0,0.0,0.0,0.0,0.0,0.0,0.0,0.0,0.0,0.0,0.0,0.0,0.0,0.0,0.0,0.0,0.0,0.0,0.0,0.0,0.0,0.0,0.0,0.0,0.0,0.0,0.0,0.0,0.0,0.0,0.0,0.0,0.0,0.0,0.0,0.0,0.0,0.0,0.0,0.0,0.0,0.0,0.0,0.0,0.0,0.0,0.0,0.0,0.0,0.0,0.0,0.0,0.0,0.0,0.0,0.0,0.0,0.0,0.0,0.0,0.0,0.0,0.0,0.0,0.0,0.0,0.0,0.0,0.0,0.0,0.0,0.0,0.0,0.0,0.0,0.0,0.0,0.0,0.0,0.0,0.0,0.0,0.0,0.0,0.0,0.0,0.0,0.0,0.0,0.0,0.0,0.0,0.0,0.0,0.0,0.0,0.0,28.61,77.21,Other
0.0,0.0,0.0,0.0,0.0,0.0,0.0,0.0,0.0,0.0,0.0,0.0,0.0,0.0,0.0,0.0,0.0,0.0,0.0,0.0,0.0,0.0,0.0,0.0,0.0,0.0,0.0,0.0,0.0,0.0,0.0,0.0,0.0,0.0,0.0,0.0,0.0,0.0,0.0,0.0,0.0,0.0,0.0,0.0,0.0,0.0,0.0,0.0,0.0,0.0,0.0,0.0,0.0,0.0,0.0,0.0,0.0,0.0,0.0,0.0,0.0,0.0,0.0,0.0,0.0,0.0,0.0,0.0,0.0,0.0,0.0,0.0,0.0,0.0,0.0,0.0,0.0,0.0,0.0,0.0,0.0,0.0,0.0,0.0,0.0,0.0,0.0,0.0,0.0,0.0,0.0,0.0,0.0,0.0,0.0,0.0,0.0,0.0,0.0,0.0,0.0,0.0,0.0,0.0,0.0,0.0,0.0,0.0,0.0,0.0,0.0,0.0,0.0,0.0,0.0,0.0,0.0,0.0,0.0,0.0,0.0,0.0,0.0,0.0,0.0,0.0,0.0,0.0,0.0,0.0,0.0,0.0,0.0,0.0,0.0,0.0,0.0,0.0,0.0,0.0,0.0,52.52,13.4,Other
0.0,0.0,0.0,0.0,0.0,0.0,0.0,0.0,0.0,0.0,0.0,0.0,0.0,0.0,0.0,0.0,0.0,0.0,0.0,0.0,0.0,0.0,0.0,0.0,0.0,0.0,0.0,0.0,0.0,0.0,0.0,0.0,0.0,0.0,0.0,0.0,0.0,0.0,0.0,0.0,0.0,0.0,0.0,0.0,0.0,0.0,0.0,0.0,0.0,0.0,0.0,0.0,0.0,0.0,0.0,0.0,0.0,0.0,0.0,0.0,0.0,0.0,0.0,0.0,0.0,0.0,0.0,0.0,0.0,0.0,0.0,0.0,0.0,0.0,0.0,0.0,0.0,0.0,0.0,0.0,0.0,0.0,0.0,0.0,0.0,0.0,0.0,0.0,0.0,0.0,0.0,0.0,0.0,0.0,0.0,0.0,0.0,0.0,0.0,0.0,0.0,0.0,0.0,0.0,0.0,0.0,0.0,0.0,0.0,0.0,0.0,0.0,0.0,0.0,0.0,0.0,0.0,0.0,0.0,0.0,0.0,0.0,0.0,0.0,0.0,0.0,0.0,0.0,0.0,0.0,0.0,0.0,0.0,0.0,0.0,0.0,0.0,0.0,0.0,0.0,0.0,43.65,-79.38,Other
16.8,25.6,15.6,22.8,14.1,22.7,13.5,21.8,13.4,20.3,12.0,20.0,3.0,7.1,3.0,7.2,3.2,7.3,3.6,7.8,4.0,8.1,5.0,10.0,18.3,23.2,18.0,22.9,20.2,23.8,21.0,24.3,21.9,25.4,22.5,25.8,31.7,40.1,19.2,34.4,16.7,29.7,10.5,20.2,8.0,21.5,5.4,18.2,7.0,6.9,7.2,6.9,7.2,6.9,7.2,6.8,7.0,6.8,7.0,6.8,40.8,41.9,40.8,42.2,39.8,41.4,41.0,41.7,41.4,41.8,42.2,42.2,31.7,34.9,32.6,34.9,31.5,34.8,30.9,34.0,28.8,32.9,27.7,32.1,39.2,93.2,21.7,83.0,11.3,54.0,8.0,57.5,8.8,77.8,8.2,73.3,34.9,34.5,33.1,33.6,33.0,33.5,33.1,33.5,33.1,33.9,33.1,33.5,32.8,33.6,33.4,34.1,33.5,34.3,35.7,35.6,38.0,37.4,37.0,36.6,16.3,17.5,16.6,17.5,17.1,17.7,17.2,17.2,15.5,16.9,17.5,18.0,1.1,-0.1,75.92,23.22,41.84,1.81,2385.92,16.1,0.08,30.04,31.24,Neutral_HighFertility
23.8,26.3,23.0,25.1,23.0,25.0,24.0,25.6,24.2,25.9,24.2,26.2,17.5,31.6,17.0,30.7,20.0,31.4,22.5,33.6,23.0,34.4,23.6,34.9,9.6,16.6,10.1,18.2,9.6,17.6,9.8,18.8,10.1,19.2,9.0,17.7,12.5,18.1,11.5,18.0,8.5,13.0,8.1,18.4,6.5,15.9,3.9,11.9,8.0,7.9,8.0,8.0,8.0,7.9,7.9,7.9,7.9,7.9,7.9,7.9,44.6,44.5,43.3,43.5,45.0,44.2,43.7,43.4,44.1,43.0,42.9,42.6,35.5,38.9,34.5,38.3,34.6,38.2,33.0,37.8,32.2,37.8,33.7,39.6,5.8,12.6,6.2,11.0,5.1,12.9,4.1,11.6,4.0,12.3,4.4,12.4,32.6,32.1,32.6,31.9,33.1,32.4,34.5,32.7,34.0,32.5,32.8,32.2,21.2,22.1,21.2,21.4,21.5,22.8,21.5,23.1,20.6,21.8,21.3,22.7,9.1,10.5,8.9,10.3,8.9,10.7,9.2,11.5,9.5,11.6,10.1,11.8,2.2,0.0,12.08,25.59,43.88,2.68,331.38,11.6,0.02,41.9,12.5,Calcareous
0.0,0.0,0.0,0.0,0.0,0.0,0.0,0.0,0.0,0.0,0.0,0.0,0.0,0.0,0.0,0.0,0.0,0.0,0.0,0.0,0.0,0.0,0.0,0.0,0.0,0.0,0.0,0.0,0.0,0.0,0.0,0.0,0.0,0.0,0.0,0.0,0.0,0.0,0.0,0.0,0.0,0.0,0.0,0.0,0.0,0.0,0.0,0.0,0.0,0.0,0.0,0.0,0.0,0.0,0.0,0.0,0.0,0.0,0.0,0.0,0.0,0.0,0.0,0.0,0.0,0.0,0.0,0.0,0.0,0.0,0.0,0.0,0.0,0.0,0.0,0.0,0.0,0.0,0.0,0.0,0.0,0.0,0.0,0.0,0.0,0.0,0.0,0.0,0.0,0.0,0.0,0.0,0.0,0.0,0.0,0.0,0.0,0.0,0.0,0.0,0.0,0.0,0.0,0.0,0.0,0.0,0.0,0.0,0.0,0.0,0.0,0.0,0.0,0.0,0.0,0.0,0.0,0.0,0.0,0.0,0.0,0.0,0.0,0.0,0.0,0.0,0.0,0.0,0.0,0.0,0.0,0.0,0.0,0.0,0.0,0.0,0.0,0.0,0.0,0.0,0.0,-33.92,18.42,Other
21.2,34.4,11.2,19.0,8.3,16.7,7.5,15.2,7.0,13.9,7.4,13.4,5.0,6.4,6.0,7.6,4.0,7.6,4.0,7.9,4.0,8.5,4.0,9.2,10.2,17.2,10.1,16.6,10.2,19.6,10.6,22.6,10.4,22.4,10.4,21.9,35.9,46.2,17.0,27.0,13.8,21.2,5.3,10.9,4.0,8.8,2.4,5.1,6.1,6.0,6.3,6.1,6.2,6.1,6.1,6.1,6.3,6.2,6.3,6.3,58.7,53.6,59.0,55.1,58.2,52.6,57.4,50.8,57.4,50.9,58.6,54.9,25.9,29.2,26.0,28.3,25.3,27.8,24.0,26.6,22.7,26.7,19.3,23.3,37.0,117.1,17.8,47.3,6.7,58.1,4.0,53.1,2.0,46.9,2.0,41.6,59.6,59.8,45.6,48.6,38.6,40.2,36.4,38.2,34.5,36.2,33.8,33.6,46.7,43.0,35.3,35.8,32.9,33.1,31.6,32.3,30.2,30.8,27.8,27.9,10.7,11.4,10.5,11.2,9.3,9.2,6.8,9.4,6.0,8.9,5.3,8.3,5.4,0.1,71.23,22.08,53.09,3.12,4028.24,31.6,0.38,25.28,55.3,Acidic_Organic
15.3,19.3,13.5,18.5,13.8,17.9,14.0,17.6,13.7,16.2,13.1,16.2,19.8,28.8,19.2,28.7,19.2,30.0,19.2,29.2,23.0,31.1,25.0,33.5,11.7,19.7,15.3,22.3,13.5,22.1,15.5,23.9,13.8,23.1,12.3,24.4,9.1,14.1,10.0,13.6,8.5,10.5,6.8,8.9,4.3,6.2,2.8,3.9,8.0,8.0,8.0,8.0,8.2,8.0,8.2,8.1,8.2,8.2,8.2,8.2,51.2,49.4,48.6,47.9,49.1,48.5,46.7,48.1,47.2,48.0,48.5,48.0,24.4,31.0,22.4,29.8,23.1,29.4,21.0,28.0,19.7,28.8,16.7,27.5,3.6,6.0,3.0,4.8,2.6,4.9,1.6,2.5,1.0,2.1,1.0,2.0,32.2,31.6,33.0,31.9,33.0,32.2,33.5,32.7,32.2,31.9,31.9,31.4,23.0,22.4,23.4,22.5,22.4,23.1,23.7,24.0,25.1,25.4,27.6,27.0,9.9,11.5,10.2,12.0,10.3,12.2,10.5,11.6,10.3,11.5,10.5,11.7,4.2,0.1,4.56,18.25,48.51,2.51,115.8,10.9,0.06,68.07,29.85,Calcareous
0.0,0.0,0.0,0.0,0.0,0.0,0.0,0.0,0.0,0.0,0.0,0.0,0.0,0.0,0.0,0.0,0.0,0.0,0.0,0.0,0.0,0.0,0.0,0.0,0.0,0.0,0.0,0.0,0.0,0.0,0.0,0.0,0.0,0.0,0.0,0.0,0.0,0.0,0.0,0.0,0.0,0.0,0.0,0.0,0.0,0.0,0.0,0.0,0.0,0.0,0.0,0.0,0.0,0.0,0.0,0.0,0.0,0.0,0.0,0.0,0.0,0.0,0.0,0.0,0.0,0.0,0.0,0.0,0.0,0.0,0.0,0.0,0.0,0.0,0.0,0.0,0.0,0.0,0.0,0.0,0.0,0.0,0.0,0.0,0.0,0.0,0.0,0.0,0.0,0.0,0.0,0.0,0.0,0.0,0.0,0.0,0.0,0.0,0.0,0.0,0.0,0.0,0.0,0.0,0.0,0.0,0.0,0.0,0.0,0.0,0.0,0.0,0.0,0.0,0.0,0.0,0.0,0.0,0.0,0.0,0.0,0.0,0.0,0.0,0.0,0.0,0.0,0.0,0.0,0.0,0.0,0.0,0.0,0.0,0.0,0.0,0.0,0.0,0.0,0.0,0.0,-22.95,-43.21,Other
0.0,0.0,0.0,0.0,0.0,0.0,0.0,0.0,0.0,0.0,0.0,0.0,0.0,0.0,0.0,0.0,0.0,0.0,0.0,0.0,0.0,0.0,0.0,0.0,0.0,0.0,0.0,0.0,0.0,0.0,0.0,0.0,0.0,0.0,0.0,0.0,0.0,0.0,0.0,0.0,0.0,0.0,0.0,0.0,0.0,0.0,0.0,0.0,0.0,0.0,0.0,0.0,0.0,0.0,0.0,0.0,0.0,0.0,0.0,0.0,0.0,0.0,0.0,0.0,0.0,0.0,0.0,0.0,0.0,0.0,0.0,0.0,0.0,0.0,0.0,0.0,0.0,0.0,0.0,0.0,0.0,0.0,0.0,0.0,0.0,0.0,0.0,0.0,0.0,0.0,0.0,0.0,0.0,0.0,0.0,0.0,0.0,0.0,0.0,0.0,0.0,0.0,0.0,0.0,0.0,0.0,0.0,0.0,0.0,0.0,0.0,0.0,0.0,0.0,0.0,0.0,0.0,0.0,0.0,0.0,0.0,0.0,0.0,0.0,0.0,0.0,0.0,0.0,0.0,0.0,0.0,0.0,0.0,0.0,0.0,0.0,0.0,0.0,0.0,0.0,0.0,28.61,77.21,Other
0.0,0.0,0.0,0.0,0.0,0.0,0.0,0.0,0.0,0.0,0.0,0.0,0.0,0.0,0.0,0.0,0.0,0.0,0.0,0.0,0.0,0.0,0.0,0.0,0.0,0.0,0.0,0.0,0.0,0.0,0.0,0.0,0.0,0.0,0.0,0.0,0.0,0.0,0.0,0.0,0.0,0.0,0.0,0.0,0.0,0.0,0.0,0.0,0.0,0.0,0.0,0.0,0.0,0.0,0.0,0.0,0.0,0.0,0.0,0.0,0.0,0.0,0.0,0.0,0.0,0.0,0.0,0.0,0.0,0.0,0.0,0.0,0.0,0.0,0.0,0.0,0.0,0.0,0.0,0.0,0.0,0.0,0.0,0.0,0.0,0.0,0.0,0.0,0.0,0.0,0.0,0.0,0.0,0.0,0.0,0.0,0.0,0.0,0.0,0.0,0.0,0.0,0.0,0.0,0.0,0.0,0.0,0.0,0.0,0.0,0.0,0.0,0.0,0.0,0.0,0.0,0.0,0.0,0.0,0.0,0.0,0.0,0.0,0.0,0.0,0.0,0.0,0.0,0.0,0.0,0.0,0.0,0.0,0.0,0.0,0.0,0.0,0.0,0.0,0.0,0.0,20.68,-88.57,Other
15.6,26.8,10.0,14.8,9.3,13.8,9.0,14.5,9.3,14.5,9.1,13.2,5.0,7.7,6.0,8.2,4.0,5.5,4.0,5.2,3.0,4.8,4.0,7.2,10.4,18.4,10.4,18.4,10.2,19.1,10.5,20.6,10.2,20.8,10.2,19.2,35.4,44.7,17.6,23.8,15.4,20.5,6.1,10.1,4.0,7.0,2.6,5.0,5.8,5.6,5.8,5.8,5.8,5.7,5.6,5.7,5.8,5.8,5.8,6.0,52.6,46.7,54.6,47.9,54.4,47.6,52.2,47.1,54.0,49.1,57.7,53.4,27.9,34.9,27.9,33.7,28.0,33.3,27.4,32.3,25.5,30.1,22.9,27.4,36.9,130.1,20.9,89.9,6.0,46.8,4.0,38.7,2.6,39.5,2.0,37.7,54.3,51.5,39.6,41.5,33.1,34.3,32.9,32.2,32.2,31.9,32.3,30.7,46.1,42.2,34.7,35.0,32.3,31.5,30.6,30.4,27.9,28.0,27.6,27.1,11.4,12.5,11.0,12.6,9.6,9.7,6.4,8.7,6.3,8.7,5.8,8.5,2.2,0.1,80.62,18.12,47.48,2.54,3486.68,29.7,0.29,25.34,55.42,Acidic_Organic
36.0,46.5,19.7,29.8,18.2,25.7,13.4,20.4,12.8,17.8,11.2,17.4,4.0,11.3,5.0,11.6,4.0,11.3,8.0,14.8,8.0,15.7,9.0,19.2,5.7,13.2,5.2,13.2,7.8,16.8,6.7,15.4,6.2,15.2,5.7,15.8,60.7,64.4,39.1,49.5,35.0,46.0,22.5,35.6,11.6,34.5,9.3,33.2,5.6,5.8,5.6,5.8,5.8,6.0,6.1,6.2,6.3,6.4,6.0,6.3,47.7,49.0,48.7,49.6,45.2,47.2,47.8,48.1,52.5,51.5,55.6,53.5,30.3,37.8,30.0,37.2,29.2,36.1,30.6,36.5,27.8,33.4,21.8,30.7,155.4,227.0,78.8,170.5,36.7,118.8,24.3,105.3,18.9,74.2,19.9,80.4,47.0,46.4,45.1,43.4,46.0,43.2,43.8,42.5,43.7,41.8,40.0,38.0,39.7,40.6,39.0,38.6,36.6,35.7,34.1,33.5,33.2,32.5,32.3,30.7,13.5,14.8,13.9,14.7,13.5,14.6,10.9,14.5,10.7,14.2,10.8,14.2,2.2,0.4,157.7,31.38,48.91,3.71,10555.5,25.8,0.36,23.26,77.41,Acidic_Organic
8.2,10.9,5.9,8.3,5.4,7.0,5.4,6.7,5.0,6.7,5.1,6.7,0.0,1.8,0.0,2.0,0.0,3.7,0.0,2.8,0.0,5.5,0.0,6.2,19.2,30.0,23.2,31.5,24.6,31.9,45.2,43.8,49.2,46.2,49.4,46.5,30.7,33.2,19.6,23.5,12.3,14.0,8.3,8.8,4.0,4.5,1.9,2.3,4.8,5.0,4.8,5.0,4.8,5.0,4.8,5.0,4.9,5.1,4.9,5.1,51.0,50.3,50.2,50.0,51.4,49.7,37.4,40.9,35.0,39.3,35.1,38.5,14.7,19.6,14.2,18.6,14.4,18.5,10.4,15.3,9.4,14.5,10.8,15.0,19.8,25.7,11.2,15.6,7.8,11.6,5.2,5.7,3.5,3.9,2.2,3.1,32.3,33.5,31.7,32.0,32.0,32.2,33.5,33.3,34.0,33.7,33.9,33.2,21.6,23.2,21.0,22.4,22.0,22.9,22.2,23.7,25.3,25.5,29.3,27.7,11.7,14.0,11.6,13.9,13.0,14.7,20.1,19.1,21.6,20.3,20.6,20.2,13.8,0.0,15.17,8.42,47.59,1.68,280.13,9.2,0.2,16.54,2.11,Acidic_Organic
0.0,0.0,0.0,0.0,0.0,0.0,0.0,0.0,0.0,0.0,0.0,0.0,0.0,0.0,0.0,0.0,0.0,0.0,0.0,0.0,0.0,0.0,0.0,0.0,0.0,0.0,0.0,0.0,0.0,0.0,0.0,0.0,0.0,0.0,0.0,0.0,0.0,0.0,0.0,0.0,0.0,0.0,0.0,0.0,0.0,0.0,0.0,0.0,0.0,0.0,0.0,0.0,0.0,0.0,0.0,0.0,0.0,0.0,0.0,0.0,0.0,0.0,0.0,0.0,0.0,0.0,0.0,0.0,0.0,0.0,0.0,0.0,0.0,0.0,0.0,0.0,0.0,0.0,0.0,0.0,0.0,0.0,0.0,0.0,0.0,0.0,0.0,0.0,0.0,0.0,0.0,0.0,0.0,0.0,0.0,0.0,0.0,0.0,0.0,0.0,0.0,0.0,0.0,0.0,0.0,0.0,0.0,0.0,0.0,0.0,0.0,0.0,0.0,0.0,0.0,0.0,0.0,0.0,0.0,0.0,0.0,0.0,0.0,0.0,0.0,0.0,0.0,0.0,0.0,0.0,0.0,0.0,0.0,0.0,0.0,0.0,0.0,0.0,0.0,0.0,0.0,66.42,-17.32,Other
0.0,0.0,0.0,0.0,0.0,0.0,0.0,0.0,0.0,0.0,0.0,0.0,0.0,0.0,0.0,0.0,0.0,0.0,0.0,0.0,0.0,0.0,0.0,0.0,0.0,0.0,0.0,0.0,0.0,0.0,0.0,0.0,0.0,0.0,0.0,0.0,0.0,0.0,0.0,0.0,0.0,0.0,0.0,0.0,0.0,0.0,0.0,0.0,0.0,0.0,0.0,0.0,0.0,0.0,0.0,0.0,0.0,0.0,0.0,0.0,0.0,0.0,0.0,0.0,0.0,0.0,0.0,0.0,0.0,0.0,0.0,0.0,0.0,0.0,0.0,0.0,0.0,0.0,0.0,0.0,0.0,0.0,0.0,0.0,0.0,0.0,0.0,0.0,0.0,0.0,0.0,0.0,0.0,0.0,0.0,0.0,0.0,0.0,0.0,0.0,0.0,0.0,0.0,0.0,0.0,0.0,0.0,0.0,0.0,0.0,0.0,0.0,0.0,0.0,0.0,0.0,0.0,0.0,0.0,0.0,0.0,0.0,0.0,0.0,0.0,0.0,0.0,0.0,0.0,0.0,0.0,0.0,0.0,0.0,0.0,0.0,0.0,0.0,0.0,0.0,0.0,18.22,-63.07,Other
0.0,0.0,0.0,0.0,0.0,0.0,0.0,0.0,0.0,0.0,0.0,0.0,0.0,0.0,0.0,0.0,0.0,0.0,0.0,0.0,0.0,0.0,0.0,0.0,0.0,0.0,0.0,0.0,0.0,0.0,0.0,0.0,0.0,0.0,0.0,0.0,0.0,0.0,0.0,0.0,0.0,0.0,0.0,0.0,0.0,0.0,0.0,0.0,0.0,0.0,0.0,0.0,0.0,0.0,0.0,0.0,0.0,0.0,0.0,0.0,0.0,0.0,0.0,0.0,0.0,0.0,0.0,0.0,0.0,0.0,0.0,0.0,0.0,0.0,0.0,0.0,0.0,0.0,0.0,0.0,0.0,0.0,0.0,0.0,0.0,0.0,0.0,0.0,0.0,0.0,0.0,0.0,0.0,0.0,0.0,0.0,0.0,0.0,0.0,0.0,0.0,0.0,0.0,0.0,0.0,0.0,0.0,0.0,0.0,0.0,0.0,0.0,0.0,0.0,0.0,0.0,0.0,0.0,0.0,0.0,0.0,0.0,0.0,0.0,0.0,0.0,0.0,0.0,0.0,0.0,0.0,0.0,0.0,0.0,0.0,0.0,0.0,0.0,0.0,0.0,0.0,-13.16,-72.54,Other
18.9,25.2,16.0,23.0,15.2,22.9,13.5,22.3,13.4,20.6,11.9,20.1,3.0,6.0,3.0,6.1,3.0,5.8,4.0,6.5,4.0,7.3,4.5,9.3,21.1,25.3,20.8,25.3,22.0,25.8,22.4,26.2,24.4,27.3,24.9,28.0,23.1,38.5,16.5,26.5,14.0,24.8,8.9,20.2,7.3,19.5,5.2,17.3,7.4,7.1,7.5,7.1,7.5,7.0,7.4,6.8,7.4,6.8,7.4,6.8,41.4,42.4,41.1,42.2,41.0,41.7,42.8,41.9,41.4,41.0,42.3,41.4,27.7,32.3,28.2,32.5,28.7,32.5,28.1,31.9,27.4,31.7,26.3,30.6,19.6,56.5,13.4,56.5,8.8,48.1,7.1,49.0,4.8,43.9,4.4,49.0,33.1,34.7,32.9,33.8,32.8,33.6,33.0,33.6,33.1,34.0,33.1,33.6,33.1,33.4,33.3,33.6,33.5,34.1,36.1,35.6,38.0,37.2,35.7,35.8,16.3,17.0,16.6,17.3,17.2,17.6,16.0,16.7,15.2,16.1,17.1,17.4,0.9,-0.3,52.44,23.3,42.0,1.68,1423.8,16.4,0.06,29.98,31.13,Neutral_HighFertility
0.0,0.0,0.0,0.0,0.0,0.0,0.0,0.0,0.0,0.0,0.0,0.0,0.0,0.0,0.0,0.0,0.0,0.0,0.0,0.0,0.0,0.0,0.0,0.0,0.0,0.0,0.0,0.0,0.0,0.0,0.0,0.0,0.0,0.0,0.0,0.0,0.0,0.0,0.0,0.0,0.0,0.0,0.0,0.0,0.0,0.0,0.0,0.0,0.0,0.0,0.0,0.0,0.0,0.0,0.0,0.0,0.0,0.0,0.0,0.0,0.0,0.0,0.0,0.0,0.0,0.0,0.0,0.0,0.0,0.0,0.0,0.0,0.0,0.0,0.0,0.0,0.0,0.0,0.0,0.0,0.0,0.0,0.0,0.0,0.0,0.0,0.0,0.0,0.0,0.0,0.0,0.0,0.0,0.0,0.0,0.0,0.0,0.0,0.0,0.0,0.0,0.0,0.0,0.0,0.0,0.0,0.0,0.0,0.0,0.0,0.0,0.0,0.0,0.0,0.0,0.0,0.0,0.0,0.0,0.0,0.0,0.0,0.0,0.0,0.0,0.0,0.0,0.0,0.0,0.0,0.0,0.0,0.0,0.0,0.0,0.0,0.0,0.0,0.0,0.0,0.0,48.86,2.29,Other
0.0,0.0,0.0,0.0,0.0,0.0,0.0,0.0,0.0,0.0,0.0,0.0,0.0,0.0,0.0,0.0,0.0,0.0,0.0,0.0,0.0,0.0,0.0,0.0,0.0,0.0,0.0,0.0,0.0,0.0,0.0,0.0,0.0,0.0,0.0,0.0,0.0,0.0,0.0,0.0,0.0,0.0,0.0,0.0,0.0,0.0,0.0,0.0,0.0,0.0,0.0,0.0,0.0,0.0,0.0,0.0,0.0,0.0,0.0,0.0,0.0,0.0,0.0,0.0,0.0,0.0,0.0,0.0,0.0,0.0,0.0,0.0,0.0,0.0,0.0,0.0,0.0,0.0,0.0,0.0,0.0,0.0,0.0,0.0,0.0,0.0,0.0,0.0,0.0,0.0,0.0,0.0,0.0,0.0,0.0,0.0,0.0,0.0,0.0,0.0,0.0,0.0,0.0,0.0,0.0,0.0,0.0,0.0,0.0,0.0,0.0,0.0,0.0,0.0,0.0,0.0,0.0,0.0,0.0,0.0,0.0,0.0,0.0,0.0,0.0,0.0,0.0,0.0,0.0,0.0,0.0,0.0,0.0,0.0,0.0,0.0,0.0,0.0,0.0,0.0,0.0,-18.9,32.45,Other
15.6,18.9,13.4,16.5,13.2,16.2,13.1,15.9,12.3,14.9,12.0,14.4,17.0,21.1,17.0,21.5,17.0,22.0,16.0,23.4,17.0,24.0,18.5,24.2,16.8,23.7,22.2,27.1,22.8,28.8,26.8,30.6,24.6,29.5,24.3,30.1,27.8,33.4,15.2,20.6,14.5,19.3,6.8,8.4,4.0,5.3,2.5,3.4,7.9,7.6,8.0,7.7,8.0,7.7,8.0,7.8,8.0,7.7,8.0,7.7,39.0,41.4,38.4,39.7,38.1,39.7,38.2,39.8,40.0,41.9,39.7,42.0,36.0,34.8,33.9,33.2,30.3,31.5,28.4,29.6,26.8,28.6,25.0,27.9,18.0,33.8,11.4,16.5,10.0,18.3,6.3,14.7,4.0,8.8,2.8,6.8,37.3,35.8,37.5,36.0,37.6,35.7,37.1,35.4,35.0,34.3,34.9,33.9,30.8,30.9,30.9,30.8,31.7,31.1,32.4,31.5,33.0,32.1,32.0,31.5,13.7,14.1,13.2,14.1,14.0,14.9,17.4,17.3,17.7,17.6,17.8,17.3,6.9,0.2,21.01,16.91,40.45,1.75,638.82,16.8,0.08,-2.33,34.83,Neutral_HighFertility
20.4,27.8,20.6,27.7,21.0,27.5,21.5,27.7,21.0,27.6,20.0,27.3,1.0,17.5,1.5,18.1,2.0,17.9,2.0,18.1,3.0,21.2,4.4,25.3,27.6,32.2,28.5,33.1,33.4,37.3,39.2,42.7,39.0,41.7,39.0,41.9,17.0,23.8,14.9,18.3,11.0,12.8,7.3,9.5,6.3,7.5,2.8,4.6,8.2,8.0,8.2,8.0,8.2,8.0,8.2,8.1,8.2,8.1,8.2,8.1,28.3,31.3,28.2,30.9,25.7,28.9,22.5,26.2,24.0,26.8,22.7,26.6,32.9,36.5,33.0,36.0,30.6,33.8,26.4,31.1,26.6,31.5,25.8,31.5,10.9,25.7,9.0,17.0,6.8,21.9,4.7,13.1,4.1,7.1,4.0,9.7,36.0,33.9,36.0,33.9,35.8,33.7,36.0,34.6,36.0,34.8,36.0,35.0,23.6,24.0,23.6,23.8,26.8,24.2,28.8,25.7,29.0,26.8,29.4,28.6,18.7,18.8,18.7,19.3,19.3,20.7,20.7,21.3,20.7,21.6,20.8,21.9,10.5,0.1,19.02,27.68,29.5,0.97,714.46,5.2,0.0,44.97,6.45,Calcareous
0.0,0.0,0.0,0.0,0.0,0.0,0.0,0.0,0.0,0.0,0.0,0.0,0.0,0.0,0.0,0.0,0.0,0.0,0.0,0.0,0.0,0.0,0.0,0.0,0.0,0.0,0.0,0.0,0.0,0.0,0.0,0.0,0.0,0.0,0.0,0.0,0.0,0.0,0.0,0.0,0.0,0.0,0.0,0.0,0.0,0.0,0.0,0.0,0.0,0.0,0.0,0.0,0.0,0.0,0.0,0.0,0.0,0.0,0.0,0.0,0.0,0.0,0.0,0.0,0.0,0.0,0.0,0.0,0.0,0.0,0.0,0.0,0.0,0.0,0.0,0.0,0.0,0.0,0.0,0.0,0.0,0.0,0.0,0.0,0.0,0.0,0.0,0.0,0.0,0.0,0.0,0.0,0.0,0.0,0.0,0.0,0.0,0.0,0.0,0.0,0.0,0.0,0.0,0.0,0.0,0.0,0.0,0.0,0.0,0.0,0.0,0.0,0.0,0.0,0.0,0.0,0.0,0.0,0.0,0.0,0.0,0.0,0.0,0.0,0.0,0.0,0.0,0.0,0.0,0.0,0.0,0.0,0.0,0.0,0.0,0.0,0.0,0.0,0.0,0.0,0.0,28.0,84.0,Other
0.0,0.0,0.0,0.0,0.0,0.0,0.0,0.0,0.0,0.0,0.0,0.0,0.0,0.0,0.0,0.0,0.0,0.0,0.0,0.0,0.0,0.0,0.0,0.0,0.0,0.0,0.0,0.0,0.0,0.0,0.0,0.0,0.0,0.0,0.0,0.0,0.0,0.0,0.0,0.0,0.0,0.0,0.0,0.0,0.0,0.0,0.0,0.0,0.0,0.0,0.0,0.0,0.0,0.0,0.0,0.0,0.0,0.0,0.0,0.0,0.0,0.0,0.0,0.0,0.0,0.0,0.0,0.0,0.0,0.0,0.0,0.0,0.0,0.0,0.0,0.0,0.0,0.0,0.0,0.0,0.0,0.0,0.0,0.0,0.0,0.0,0.0,0.0,0.0,0.0,0.0,0.0,0.0,0.0,0.0,0.0,0.0,0.0,0.0,0.0,0.0,0.0,0.0,0.0,0.0,0.0,0.0,0.0,0.0,0.0,0.0,0.0,0.0,0.0,0.0,0.0,0.0,0.0,0.0,0.0,0.0,0.0,0.0,0.0,0.0,0.0,0.0,0.0,0.0,0.0,0.0,0.0,0.0,0.0,0.0,0.0,0.0,0.0,0.0,0.0,0.0,-51.25,-73.17,Other
21.8,26.2,22.1,26.4,22.0,26.2,21.8,25.8,20.5,25.6,20.1,25.7,12.5,38.3,25.0,40.7,25.5,42.0,29.0,41.9,36.5,44.4,36.5,44.2,27.5,31.0,27.5,30.7,34.1,36.1,45.0,45.1,44.5,44.6,46.0,45.8,16.6,22.8,14.8,17.9,12.0,14.3,7.3,9.8,6.2,7.5,2.9,5.4,8.1,7.9,8.1,7.9,8.1,7.9,8.2,8.0,8.2,8.0,8.1,7.9,29.0,32.5,28.2,32.6,24.1,29.7,20.3,25.4,19.8,25.7,19.4,25.2,35.0,36.5,34.8,36.7,30.1,34.2,23.6,29.4,24.9,29.6,24.4,29.0,10.4,23.9,8.7,14.7,6.4,8.8,4.6,8.7,4.2,6.3,4.3,9.4,35.0,33.8,35.0,33.0,33.4,32.6,35.0,33.3,35.0,33.4,34.5,33.2,26.1,25.5,27.6,25.5,28.8,26.4,29.0,26.7,29.0,27.1,30.5,29.8,17.9,17.8,18.7,18.3,19.3,20.4,22.6,22.1,22.8,22.5,22.9,22.7,14.1,0.1,14.54,26.13,30.22,1.05,626.18,7.7,0.01,45.0,7.0,Calcareous
0.0,0.0,0.0,0.0,0.0,0.0,0.0,0.0,0.0,0.0,0.0,0.0,0.0,0.0,0.0,0.0,0.0,0.0,0.0,0.0,0.0,0.0,0.0,0.0,0.0,0.0,0.0,0.0,0.0,0.0,0.0,0.0,0.0,0.0,0.0,0.0,0.0,0.0,0.0,0.0,0.0,0.0,0.0,0.0,0.0,0.0,0.0,0.0,0.0,0.0,0.0,0.0,0.0,0.0,0.0,0.0,0.0,0.0,0.0,0.0,0.0,0.0,0.0,0.0,0.0,0.0,0.0,0.0,0.0,0.0,0.0,0.0,0.0,0.0,0.0,0.0,0.0,0.0,0.0,0.0,0.0,0.0,0.0,0.0,0.0,0.0,0.0,0.0,0.0,0.0,0.0,0.0,0.0,0.0,0.0,0.0,0.0,0.0,0.0,0.0,0.0,0.0,0.0,0.0,0.0,0.0,0.0,0.0,0.0,0.0,0.0,0.0,0.0,0.0,0.0,0.0,0.0,0.0,0.0,0.0,0.0,0.0,0.0,0.0,0.0,0.0,0.0,0.0,0.0,0.0,0.0,0.0,0.0,0.0,0.0,0.0,0.0,0.0,0.0,0.0,0.0,62.1,-7.6,Other
13.5,23.6,14.3,23.5,16.4,23.7,16.2,24.0,16.2,25.0,16.2,25.7,5.5,22.0,5.0,20.1,4.0,21.8,5.0,23.8,6.2,26.5,10.0,28.7,6.7,18.6,6.7,18.2,7.8,18.6,8.5,19.0,6.2,17.5,6.0,17.7,7.3,9.3,7.3,8.8,7.2,8.7,5.8,6.4,4.1,5.2,2.8,5.5,8.2,8.1,8.2,8.1,8.2,8.1,8.2,8.1,8.2,8.1,8.2,8.1,49.1,48.5,49.9,48.9,50.2,48.7,49.9,48.6,48.7,48.9,50.7,50.1,28.1,32.9,28.1,32.9,26.7,32.7,26.8,32.4,27.2,33.6,26.3,32.2,2.2,5.2,2.2,4.0,2.0,3.4,2.0,3.1,2.0,5.7,1.2,4.9,30.5,30.7,30.4,30.2,31.9,30.8,31.3,30.3,31.3,30.5,31.1,30.3,21.3,22.6,21.6,22.4,21.4,22.3,21.4,22.5,19.5,21.5,20.7,21.9,9.0,10.6,9.0,10.6,9.2,11.1,8.4,10.9,8.5,10.9,8.6,11.0,0.4,0.0,4.28,23.8,48.7,2.61,122.72,12.0,0.02,44.88,17.83,Calcareous
